authorDisplayName,commentDatePublished,videoId,videoDatePublished,likeCount,replyCount,text,timeDifference,boolean
@MarcosPegane,2025-09-28 14:20:20+00:00,xes9rMT9mBM,2025-09-25 00:53:34+00:00,0,0,This is great for beginners. Thanks for making this video.,307606,0
@BrandonMoeller-wx1mm,2025-09-29 01:36:23+00:00,xes9rMT9mBM,2025-09-25 00:53:34+00:00,0,0,"Great video, i gotta start tappin in!",348169,0
@dylangareth-h3v,2025-09-28 13:04:55+00:00,xes9rMT9mBM,2025-09-25 00:53:34+00:00,0,0,Keep up the great work Ziptrader!,303081,0
@Mike-e4e9m,2025-09-25 05:19:48+00:00,xes9rMT9mBM,2025-09-25 00:53:34+00:00,0,0,"SHe&#39;s mostly on TELE GRAMS, using the user name👎🏻",15974,1
@Clarasmith-s2u,2025-09-25 05:18:57+00:00,xes9rMT9mBM,2025-09-25 00:53:34+00:00,0,0,"Please educate me, l&#39;ve come across this before. How can I get to her please?",15923,1
@Mike-e4e9m,2025-09-25 05:14:39+00:00,xes9rMT9mBM,2025-09-25 00:53:34+00:00,32,15,"From $10K to $110K that&#39;s the minimum range of profit return every week I think it&#39;s not a bad one for me, now I have enough to pay bills and take care of my family.",15665,1
@IBillcamsi,2025-09-25 09:22:00+00:00,xes9rMT9mBM,2025-09-25 00:53:34+00:00,0,0,"I just withdrew my profits a week ago, To be honest it was an amazing feeling when the profits hits my wallet I wish I could reinvest but, too much bills",30506,1
@MarcosPegane,2025-09-28 14:10:14+00:00,xes9rMT9mBM,2025-09-25 00:53:34+00:00,0,0,77,307000,0
@MaryjaneChris-o9v7s,2025-09-25 22:27:23+00:00,xes9rMT9mBM,2025-09-25 00:53:34+00:00,0,0,"~THE CONSISTENT REPEATED UTTERANCE OF WORDS UNAVOIDABLY BRINGS THEM TO REALITY; THEREFORE, THIS BLESSING IS NOW DECLARED IN MY LIFE. AMEN.🙏🏼",77629,1
@JesusIfenkwe-o4s,2025-09-25 22:18:02+00:00,xes9rMT9mBM,2025-09-25 00:53:34+00:00,12,12,These past few days the market has not been favorable and stable please what is the way forward i have been holding for long not good return...............,77068,1
@EdwardJones-s5b,2025-09-25 09:09:14+00:00,xes9rMT9mBM,2025-09-25 00:53:34+00:00,0,0,"She&#39;s mostly on Instagrams, using the user name.",29740,1
@LuisGomez-q5c8d,2025-09-26 15:25:16+00:00,xes9rMT9mBM,2025-09-25 00:53:34+00:00,0,0,"She&#39;s mostly on Discords, using the user name.",138702,1
@MarcCarrasco-o2y,2025-09-28 13:12:31+00:00,xes9rMT9mBM,2025-09-25 00:53:34+00:00,0,0,Ziptrader is great for beginners looking to get into the finance space of things.,303537,0
@isaacdiaz955,2025-09-26 15:25:54+00:00,xes9rMT9mBM,2025-09-25 00:53:34+00:00,0,0,"I&#39;m a long term investor, I withdraw my profits of over 72k (seventy two thousand dollars) during the Christmas and New Year period.",138740,1
@LopezGarciaGonzalez,2025-09-28 14:40:47+00:00,xes9rMT9mBM,2025-09-25 00:53:34+00:00,0,0,There are so many bots in the comments.,308833,0
@USmilitaryCampbase,2025-09-25 22:20:55+00:00,xes9rMT9mBM,2025-09-25 00:53:34+00:00,0,0,She’s been such a blessing and has helped me so much with my investments. God bless her!,77241,1
@MarcosPegane,2025-09-28 14:03:24+00:00,xes9rMT9mBM,2025-09-25 00:53:34+00:00,0,0,These bots use so many weird symbols,306590,0
@MarcosPegane,2025-09-28 14:08:43+00:00,xes9rMT9mBM,2025-09-25 00:53:34+00:00,0,0,447,306909,0
@EdwardJones-t9l,2025-09-25 08:43:01+00:00,xes9rMT9mBM,2025-09-25 00:53:34+00:00,183,20,"You work for 52yrs to have $2m in your retirement, Meanwhile some people are putting just $20k in a meme coin for just few months and now they are multi millionaires I pray that anyone who reads this will be successful in life.",28167,1
@LuisGomez-q5c8d,2025-09-26 15:25:28+00:00,xes9rMT9mBM,2025-09-25 00:53:34+00:00,0,0,"AskFrey0 💯, Yeah, that&#39;s it..",138714,1
@SomaGrisham,2025-09-29 01:37:26+00:00,xes9rMT9mBM,2025-09-25 00:53:34+00:00,0,0,"She&#39;s mostly on Instagrams, using the user name.",348232,0
@Brendamath,2025-09-28 14:36:42+00:00,xes9rMT9mBM,2025-09-25 00:53:34+00:00,0,0,"This is quite needful but for beginners you shouldn&#39;t settle for videos alone or you see yourself loosing all your money just like me when I started trading with this videos on here, we should be prepared to contribute",308588,0
@LuisGomez-q5c8d,2025-09-26 15:04:45+00:00,xes9rMT9mBM,2025-09-25 00:53:34+00:00,0,0,"It&#39;s Elizabeth A. Frey doing, she&#39;s changed my life.",137471,1
@Jamescooper-c4y,2025-09-25 05:18:10+00:00,xes9rMT9mBM,2025-09-25 00:53:34+00:00,0,0,"In spite of the financial challenges my family and I faced, everything is finally falling into place!brWeekly earnings and wealth of $38,000. I will always praise the Lord..brGod bless ms JULIA !!!",15876,1
@Brown-qq2rk7mv9m,2025-09-28 12:48:44+00:00,xes9rMT9mBM,2025-09-25 00:53:34+00:00,0,0,I&#39;m from Zurich Switzerland🇨🇭I and two  other of my friends tried her immediately we testified her performing wonders.,302110,0
@patrickharry-d5n,2025-09-25 08:59:44+00:00,xes9rMT9mBM,2025-09-25 00:53:34+00:00,0,0,"I&#39;m surprised that you just mentioned and recommended Katherine Wender, I met her at a conference in 2018 and we have been working together ever since.",29170,1
@Clarasmith-s2u,2025-09-25 05:16:46+00:00,xes9rMT9mBM,2025-09-25 00:53:34+00:00,0,0,How do you do it?,15792,1
@peterwang69000,2025-09-28 15:36:52+00:00,xes9rMT9mBM,2025-09-25 00:53:34+00:00,0,0,"@@EmilyFox-p2i   OMG, I give many thanks to Mrs Lucy Mary Liam. Before I found her, I was homeless, and so ugly. Not anymore. After starting with only $3, I&#39;ve made over 20 million dollars. But the best part is I&#39;m no longer ugly.
br
br Ask Mrs Lucy Mary Liam, she&#39;ll tell you. I&#39;m the man now. ME GO LONG TIME!   Champ Style!!!",312198,0
@MandyO-e9f4y,2025-09-25 22:27:01+00:00,xes9rMT9mBM,2025-09-25 00:53:34+00:00,0,0,​5k was my start point and over the months have been Jaw-dropping TBH!!! 😊,77607,1
@GeorgeFernando-g2d,2025-09-28 13:09:36+00:00,xes9rMT9mBM,2025-09-25 00:53:34+00:00,0,0,"I&#39;m surprised that this name is being mentioned here, I stumbled upon one of her clients testimony on CNBC news last week.",303362,0
@VivianHawks-e9u7o,2025-09-25 22:27:45+00:00,xes9rMT9mBM,2025-09-25 00:53:34+00:00,0,0,I enjoy this sitting down and sleeping but making profit every hour of the day thank you dawson for making it possible,77651,1
@LuisFerdinand-p8x,2025-09-25 05:21:20+00:00,xes9rMT9mBM,2025-09-25 00:53:34+00:00,0,0,"I Just withdrew my profits week ago, To be honest it was an amazing feeling when the profits hits my wallet I wish I could reinvest but, too much bills",16066,1
@MarcosPegane,2025-09-28 14:21:14+00:00,xes9rMT9mBM,2025-09-25 00:53:34+00:00,0,0,Nope,307660,0
@kimjesse943,2025-09-26 15:08:26+00:00,xes9rMT9mBM,2025-09-25 00:53:34+00:00,0,0,"I&#39;m new at this, please how can I reach her?",137692,1
@ScottRichard-s5e,2025-09-28 15:02:46+00:00,xes9rMT9mBM,2025-09-25 00:53:34+00:00,0,0,I love trading gold its so good at making me money,310152,0
@JohnWisdom-v5m,2025-09-25 22:23:33+00:00,xes9rMT9mBM,2025-09-25 00:53:34+00:00,0,0,"Please do you have any links or information about her? ?
br...........br.........",77399,1
@VictorSantos-i6l,2025-09-28 12:30:31+00:00,xes9rMT9mBM,2025-09-25 00:53:34+00:00,21,37,I need to go for pasta one day,301017,0
@jefferysay5575,2025-09-28 12:57:29+00:00,xes9rMT9mBM,2025-09-25 00:53:34+00:00,0,0,"1 constructive criticism. You guys do a great job of keeping to 1 hour. It much appreciated. Can I ask 1 thing. During that 1 hour a week can we skip the snacking! Is it the end of the world, no. But feels a little bit to casual. Keep up the good work, this is my weekend wakeup podcast and I love it!",302635,0
@Vinnywins1,2025-09-27 23:27:21+00:00,xes9rMT9mBM,2025-09-25 00:53:34+00:00,2,0,@@Virginiamoore15big lie,254027,1
@Deloresmcculloch,2025-09-25 09:02:46+00:00,xes9rMT9mBM,2025-09-25 00:53:34+00:00,0,0,"I&#39;m new at this, please how can I reach her?",29352,1
@George-m3r3b,2025-09-25 05:23:55+00:00,xes9rMT9mBM,2025-09-25 00:53:34+00:00,0,0,"This is quite needful but for beginners you shouldn&#39;t settle for videos alone or you see yourself loosing all your money just like me when I started trading with this videos on here, we shouybe prepared to contribute",16221,1
@BradleyGarcia00,2025-09-26 15:27:28+00:00,xes9rMT9mBM,2025-09-25 00:53:34+00:00,0,0,"Sharing love from Pennsylvaniasa🇺🇸, I was hesitant at first but after my colleagues and I tried her and it turned out to be the best investment of my life, I&#39;m glad I met her...",138834,1
@TorichukwuExchange-t6b,2025-09-25 22:24:06+00:00,xes9rMT9mBM,2025-09-25 00:53:34+00:00,0,0,"@frad9a
br🌟
brShe&#39;ll guide you definitely✨
br
br⭐",77432,1
@Janiceharvey-b5u,2025-09-28 15:19:50+00:00,xes9rMT9mBM,2025-09-25 00:53:34+00:00,0,0,Honestly I thought myself and my family were the only ones enjoying Lucy Mary Liam trade benefits.,311176,0
@Carolyn48ful,2025-09-26 15:06:58+00:00,xes9rMT9mBM,2025-09-25 00:53:34+00:00,1,0,"Same here the very first time we tried. We invested $1000 and after a week, we received 4,500. That really helped us a lot to pay up our bills",137604,1
@EdwardJones-s5b,2025-09-25 09:09:19+00:00,xes9rMT9mBM,2025-09-25 00:53:34+00:00,0,0,Expertwender💯.. that&#39;s it,29745,1
@MarcosPegane,2025-09-28 14:18:31+00:00,xes9rMT9mBM,2025-09-25 00:53:34+00:00,0,0,"Please combine the digits, I couldn&#39;t drop it in full due to YouTube policy.",307497,0
@ericflores551,2025-09-26 15:03:06+00:00,xes9rMT9mBM,2025-09-25 00:53:34+00:00,0,0,How were you able to do that?,137372,1
@yasinbadll1483,2025-09-28 21:19:18+00:00,xes9rMT9mBM,2025-09-25 00:53:34+00:00,1,0,These scammers in the comments are so annoying.,332744,0
@EvelinaFreeman-l2x,2025-09-25 08:49:53+00:00,xes9rMT9mBM,2025-09-25 00:53:34+00:00,0,0,How did you do it?,28579,1
@Virginiamoore15,2025-09-26 14:32:39+00:00,xes9rMT9mBM,2025-09-25 00:53:34+00:00,3,0,"I&#39;m favoured, $60K every week! I can now give back to the locals in my community andbralso support God&#39;s work and the church. God bless America",135545,1
@TorichukwuExchange-t6b,2025-09-25 22:20:21+00:00,xes9rMT9mBM,2025-09-25 00:53:34+00:00,0,0,What a crazy coincidence! I know anita frankin dawson her signal are one of the best in new York ................,77207,1
@bennadmax,2025-09-25 09:05:54+00:00,xes9rMT9mBM,2025-09-25 00:53:34+00:00,0,0,"The very first time we tried, we invested $1000 and after a week, we received $7500. That really helped us a lot to pay up our bills.",29540,1
@kordelia35,2025-09-28 13:20:32+00:00,xes9rMT9mBM,2025-09-25 00:53:34+00:00,0,0,​​@@kimjesse943don&#39;t believe it sounds like a salesman,304018,1
@ZaraG-p2n9d,2025-09-25 22:26:11+00:00,xes9rMT9mBM,2025-09-25 00:53:34+00:00,0,0,"Poor or rich, even with $282K monthly I&#39;m not satisfied because everything is money and more of it comes more problem But your video genuinely brought a smile to my face. Thank you for that.
br
............",77557,1
@MarcosPegane,2025-09-28 14:09:18+00:00,xes9rMT9mBM,2025-09-25 00:53:34+00:00,0,0,402,306944,0
@TorichukwuExchange-t6b,2025-09-25 22:23:58+00:00,xes9rMT9mBM,2025-09-25 00:53:34+00:00,0,0,"she&#39;s mostly on Telegrams, with the user name.
br
..",77424,1
@DisciplinedDiamondHands,2025-09-28 18:49:09+00:00,xes9rMT9mBM,2025-09-25 00:53:34+00:00,0,0,"Great video, i gotta start tappin in!",323735,0
@peterwang69000,2025-09-28 09:38:02+00:00,xes9rMT9mBM,2025-09-25 00:53:34+00:00,0,0,"@@Vinnywins1    OMG, I give many thanks to Elizabeth A. Frey. Before I found her, I was homeless, and so ugly. Not anymore. After starting with only $3, I&#39;ve made over 20 million dollars. But the best part is I&#39;m no longer ugly.
br
br Ask Elizabeth A. Frey, she&#39;ll tell you. I&#39;m the man now. ME GO LONG TIME!   Champ Style!!!",290668,1
@HarryPotter-d4x,2025-09-28 14:38:47+00:00,xes9rMT9mBM,2025-09-25 00:53:34+00:00,0,0,Great video Graham.,308713,0
@SomaGrisham,2025-09-29 01:37:37+00:00,xes9rMT9mBM,2025-09-25 00:53:34+00:00,0,0,"Fxmeahl1💯,, that&#39;s it..",348243,0
@peterwang69000,2025-09-28 15:46:06+00:00,xes9rMT9mBM,2025-09-25 00:53:34+00:00,0,0,@@Janiceharvey-b5u Did you. You thought you and your family were the only ones enjoying Lucy Mary Liam&#39;s benefits. When in fact I&#39;ve been taking advantage of Lucy Mary Liam&#39;s benefits bigly.  Ask her. She&#39;ll tell you. Peter Wang go long time! Champ Style!,312752,0
@aishamohammed4952,2025-09-29 01:36:43+00:00,xes9rMT9mBM,2025-09-25 00:53:34+00:00,0,0,Stop with the bots!,348189,0
@Clarasmith-s2u,2025-09-25 05:18:46+00:00,xes9rMT9mBM,2025-09-25 00:53:34+00:00,0,0,can I start with $2k? 👋,15912,1
@SomaGrisham,2025-09-29 01:31:18+00:00,xes9rMT9mBM,2025-09-25 00:53:34+00:00,320,10,These b ots!!!,347864,0
@EmilyFox-p2i,2025-09-28 12:33:04+00:00,xes9rMT9mBM,2025-09-25 00:53:34+00:00,0,0,Bots,301170,0
@Mike-e4e9m,2025-09-25 05:19:56+00:00,xes9rMT9mBM,2025-09-25 00:53:34+00:00,2,0,@JuliabensontradingbrTHAT&#39;S HER,15982,1
@SusanaÁlvarez-l5g,2025-09-28 12:40:16+00:00,xes9rMT9mBM,2025-09-25 00:53:34+00:00,0,0,These bots!,301602,0
@danakatz4968,2025-09-28 21:38:30+00:00,xes9rMT9mBM,2025-09-25 00:53:34+00:00,0,0,Thank you Charlie! What about NNE and SMR for Nuclear plays?,333896,0
@KellyRoseline,2025-09-28 15:41:04+00:00,xes9rMT9mBM,2025-09-25 00:53:34+00:00,0,0,Stop with the bots!,312450,0
@MarcosPegane,2025-09-28 14:09:41+00:00,xes9rMT9mBM,2025-09-25 00:53:34+00:00,0,0,558,306967,0
@Mike-e4e9m,2025-09-25 05:17:05+00:00,xes9rMT9mBM,2025-09-25 00:53:34+00:00,1,0,"I&#39;ve followed many traders over the years, but none have been as consistently accurate as JULIA BENSON... She&#39;s truly in an inpiration to us all.",15811,1
@ivanpetrovtt,2025-09-29 01:38:21+00:00,xes9rMT9mBM,2025-09-25 00:53:34+00:00,0,0,"I&#39;m a long term investor, I withdraw my profits of over 72k (seventy two thousand dollars) during the Christmas and New Year period.",348287,0
@Gracedonna-v5n,2025-09-25 05:22:53+00:00,xes9rMT9mBM,2025-09-25 00:53:34+00:00,0,0,"Same here, very encouraging to see that people finally recognize the prospect of Bitcoin ETFs. I am sitting at $96k margin, thanks to Julia Benson for her insights",16159,1
@peterwang69000,2025-09-28 15:41:08+00:00,xes9rMT9mBM,2025-09-25 00:53:34+00:00,0,0,BOTS,312454,0
@SomaGrisham,2025-09-29 01:37:50+00:00,xes9rMT9mBM,2025-09-25 00:53:34+00:00,0,0,I hate these bots,348256,0
@CharlieMorrison12,2025-09-28 13:21:59+00:00,xes9rMT9mBM,2025-09-25 00:53:34+00:00,0,0,These bots need to stop,304105,0
@LuisGomez-q5c8d,2025-09-26 15:25:33+00:00,xes9rMT9mBM,2025-09-25 00:53:34+00:00,0,0,Mrs Elizabeth have been my backbone for about a month now. she earned me many proflts.,138719,1
@Isabellaerreira,2025-09-28 15:12:51+00:00,xes9rMT9mBM,2025-09-25 00:53:34+00:00,0,0,Okay im done with thes ebots,310757,0
@Riz431,2025-09-29 01:38:41+00:00,xes9rMT9mBM,2025-09-25 00:53:34+00:00,0,0,Hey mate,348307,0
@MrMasterDebate,2025-09-28 20:24:31+00:00,xes9rMT9mBM,2025-09-25 00:53:34+00:00,1,0,Follow my IG mate,329457,0
@MarcosPegane,2025-09-28 14:20:47+00:00,xes9rMT9mBM,2025-09-25 00:53:34+00:00,0,0,BOTS,307633,0
@Tarmac2021,2025-09-28 11:52:04+00:00,xes9rMT9mBM,2025-09-25 00:53:34+00:00,0,0,show us your tickers that you choosed,298710,1
@walterdavis331,2025-09-26 15:11:16+00:00,xes9rMT9mBM,2025-09-25 00:53:34+00:00,0,0,"Nice to see this here.. Her expertise in technical analysis and chart interpretation has been instrumental in my trading success. ., she has definitely delivered solutions well above my expectations.",137862,1
@DeliveryCompany-k4s,2025-09-25 22:18:32+00:00,xes9rMT9mBM,2025-09-25 00:53:34+00:00,2,0,"Trading really threw me for a loop emotionally.&gt; One moment I felt like I had the market mastered, and the next I was questioning why I ever got started. I tried doing it all on my own, following online videos, but the losses keeps stacking up faster than the wins",77098,1
@SomaGrisham,2025-09-29 01:36:11+00:00,xes9rMT9mBM,2025-09-25 00:53:34+00:00,0,0,When will these bots end,348157,0
@desmondmonday-q4u,2025-09-25 09:19:19+00:00,xes9rMT9mBM,2025-09-25 00:53:34+00:00,0,0,"It&#39;s a miracle and I would testify, 24K bucks every 1weeks! I now have a big mansion and can now afford anything and also support God&#39;s work",30345,1
@OkaraChisomFrances-b1o,2025-09-25 22:19:21+00:00,xes9rMT9mBM,2025-09-25 00:53:34+00:00,0,0,I’m truly grateful to dawson hake hall for guiding me and being there through the whole journey.,77147,1
@pamotorsports763,2025-09-25 06:31:20+00:00,xes9rMT9mBM,2025-09-25 00:53:34+00:00,259,16,Have to thank you. In the last 9 months im up over 600% due to stocks you have picked that i bought.,20266,1
@RosemaryJames-y9s3l,2025-09-28 14:27:12+00:00,xes9rMT9mBM,2025-09-25 00:53:34+00:00,0,0,I hate trading because of the bots,308018,0
@MuhammadHassan-g5h9y,2025-09-28 14:56:13+00:00,xes9rMT9mBM,2025-09-25 00:53:34+00:00,0,0,I hate all these bots in the comments,309759,0
@NathanMartha-w4v,2025-09-28 13:17:47+00:00,xes9rMT9mBM,2025-09-25 00:53:34+00:00,0,0,good video mate,303853,0
@PeterAvwenayeri,2025-09-28 14:25:19+00:00,xes9rMT9mBM,2025-09-25 00:53:34+00:00,0,0,This is a great video,307905,0
@MarcosPegane,2025-09-28 14:19:33+00:00,xes9rMT9mBM,2025-09-25 00:53:34+00:00,0,0,I hate forex,307559,0
@EdwardJones-s5b,2025-09-25 09:09:24+00:00,xes9rMT9mBM,2025-09-25 00:53:34+00:00,0,0,Please tell her that I reffed you 👍brShe&#39;ll guide you💯,29750,1
@ronniescottie3634,2025-09-29 16:38:40+00:00,xes9rMT9mBM,2025-09-25 00:53:34+00:00,0,0,you&#39;re so cringe dude. It&#39;s so obvious,402306,0
@EvisGusto,2025-09-28 13:06:50+00:00,xes9rMT9mBM,2025-09-25 00:53:34+00:00,0,0,Doge to the moon,303196,0
@EdwardJones-s5b,2025-09-25 08:57:07+00:00,xes9rMT9mBM,2025-09-25 00:53:34+00:00,0,0,"It&#39;s Katherine Maria Wender doing, she&#39;s changed my life.",29013,1
@MarcosRamirez-h5l,2025-09-28 14:58:54+00:00,xes9rMT9mBM,2025-09-25 00:53:34+00:00,0,0,I think it's better for to buy Solana as its better than bitcoin,309920,0
@DammyLo-l1y,2025-09-29 01:35:06+00:00,xes9rMT9mBM,2025-09-25 00:53:34+00:00,0,0,How did you do that?,348092,0